id;address_type;address;city;state;zip_code;country;formatted_address;po_box;contact_id
1;37422;cultivate bus;Lenoretown;didactic;95681;Cote d'Ivoire;deposit (Vatican Refined;PCI Research;1
2;2869;Strategist;Lynwood;TCP;10324;Faroe Islands;deploy;Verde protocol orchid;2
3;79989;solutions Tennessee mobile;Port Louville;heuristic;78276;Romania;uniform;initiatives Mobility Health;3
4;70810;Plaza;Orem;Shoes;74801;Azerbaijan;generate;port;4
5;70810;cross-platform;Handhaven;Concrete Games input;86226-8519;Moldova;Buckinghamshire;Metrics Outdoors Credit;5
6;13255;Devolved;Port Jade;Sports secured;41718;Malawi;Customizable dynamic Persistent;Nebraska Burundi payment;6
7;23563;Toys Car;Gorczanyfurt;Fantastic maximized;94455;Seychelles;multi-tasking;Rican withdrawal;7
8;81376;Refined;North Cooper;transmitter;70276;Micronesia;Marks;Savings;8
9;70017;24/7 database;Addiefurt;Vista;78596-5622;Tuvalu;Plastic plum Legacy;Guam Trace;9
10;89025;COM Bedfordshire Shoes;North Jarrod;circuit Direct;46479-5869;Guinea-Bissau;Station azure Health;Micronesia Corporate Minor;10
